INSERT INTO Brands (ID, Description) VALUES (1, 'Aurora Tech');
INSERT INTO Brands (ID, Description) VALUES (2, 'Borealis Electronics');
INSERT INTO Brands (ID, Description) VALUES (3, 'Cosmos Audio');
INSERT INTO Brands (ID, Description) VALUES (4, 'Delphi Visual');
INSERT INTO Brands (ID, Description) VALUES (5, 'Helios Power');
INSERT INTO Brands (ID, Description) VALUES (6, 'Iris Connect');
INSERT INTO Brands (ID, Description) VALUES (7, 'Lyra Mobile');
INSERT INTO Brands (ID, Description) VALUES (8, 'Vega Pro');

INSERT INTO Customers (ID, CompanyName, Address, City, Region, PostalCode, Country, Email, CreatedAt, CreatedBy, UpdatedAt, UpdatedBy, VersionID) VALUES (1, 'Alfa Srl', 'Via Roma 10', 'Milano', 'Lombardia', '20121', 'Italia', 'info@alfasrl.it', '2024-03-15 10:23:00', 'Seed', NULL, '', 0);
INSERT INTO Customers (ID, CompanyName, Address, City, Region, PostalCode, Country, Email, CreatedAt, CreatedBy, UpdatedAt, UpdatedBy, VersionID) VALUES (2, 'Beta Tecnologie Spa', 'Corso Garibaldi 55', 'Torino', 'Piemonte', '10122', 'Italia', 'ordini@betatech.it', '2024-05-22 14:47:00', 'Seed', '2024-08-30 09:15:00', 'Admin', 3);
INSERT INTO Customers (ID, CompanyName, Address, City, Region, PostalCode, Country, Email, CreatedAt, CreatedBy, UpdatedAt, UpdatedBy, VersionID) VALUES (3, 'Gamma Informatica', 'Via Manzoni 8', 'Roma', 'Lazio', '00185', 'Italia', 'acquisti@gammainf.it', '2024-07-08 11:32:00', 'Seed', NULL, '', 0);
INSERT INTO Customers (ID, CompanyName, Address, City, Region, PostalCode, Country, Email, CreatedAt, CreatedBy, UpdatedAt, UpdatedBy, VersionID) VALUES (4, 'Delta Systems', 'Via Garibaldi 22', 'Napoli', 'Campania', '80133', 'Italia', 'delta@deltasys.it', '2024-09-14 16:08:00', 'Seed', NULL, '', 0);
INSERT INTO Customers (ID, CompanyName, Address, City, Region, PostalCode, Country, Email, CreatedAt, CreatedBy, UpdatedAt, UpdatedBy, VersionID) VALUES (5, 'Epsilon Cloud', 'Via Dante 100', 'Bologna', 'Emilia-Romagna', '40125', 'Italia', 'hello@epsiloncloud.io', '2024-11-03 08:54:00', 'Seed', '2025-01-15 13:22:00', 'Admin', 7);
INSERT INTO Customers (ID, CompanyName, Address, City, Region, PostalCode, Country, Email, CreatedAt, CreatedBy, UpdatedAt, UpdatedBy, VersionID) VALUES (6, 'Zeta Solutions', 'Viale Europa 3', 'Firenze', 'Toscana', '50122', 'Italia', 'info@zetasol.it', '2024-12-19 15:41:00', 'Seed', NULL, '', 0);
INSERT INTO Customers (ID, CompanyName, Address, City, Region, PostalCode, Country, Email, CreatedAt, CreatedBy, UpdatedAt, UpdatedBy, VersionID) VALUES (7, 'Eta Digital', 'Via Po 45', 'Venezia', 'Veneto', '30121', 'Italia', 'ordini@etadigital.it', '2025-02-26 09:17:00', 'Seed', '2025-09-12 11:05:00', 'Admin', 2);
INSERT INTO Customers (ID, CompanyName, Address, City, Region, PostalCode, Country, Email, CreatedAt, CreatedBy, UpdatedAt, UpdatedBy, VersionID) VALUES (8, 'Theta Service', 'Corso Italia 77', 'Genova', 'Liguria', '16121', 'Italia', 'service@theta.it', '2025-04-11 12:38:00', 'Seed', NULL, '', 0);
INSERT INTO Customers (ID, CompanyName, Address, City, Region, PostalCode, Country, Email, CreatedAt, CreatedBy, UpdatedAt, UpdatedBy, VersionID) VALUES (9, 'Iota Consulting', 'Via Verdi 15', 'Palermo', 'Sicilia', '90133', 'Italia', 'consulting@iota.it', '2025-06-30 14:55:00', 'Seed', NULL, '', 0);
INSERT INTO Customers (ID, CompanyName, Address, City, Region, PostalCode, Country, Email, CreatedAt, CreatedBy, UpdatedAt, UpdatedBy, VersionID) VALUES (10, 'Kappa Retail', 'Piazza Navona 2', 'Roma', 'Lazio', '00186', 'Italia', 'kappa@kapparetail.it', '2025-08-17 10:12:00', 'Seed', '2026-02-08 16:28:00', 'Admin', 5);
INSERT INTO Customers (ID, CompanyName, Address, City, Region, PostalCode, Country, Email, CreatedAt, CreatedBy, UpdatedAt, UpdatedBy, VersionID) VALUES (11, 'Lambda Group', 'Via Mazzini 33', 'Verona', 'Veneto', '37121', 'Italia', 'info@lambdagroup.it', '2025-10-05 13:46:00', 'Seed', NULL, '', 0);
INSERT INTO Customers (ID, CompanyName, Address, City, Region, PostalCode, Country, Email, CreatedAt, CreatedBy, UpdatedAt, UpdatedBy, VersionID) VALUES (12, 'Mu Logistica', 'Via San Nicola 9', 'Bari', 'Puglia', '70122', 'Italia', 'operations@mulog.it', '2025-11-20 08:33:00', 'Seed', NULL, '', 0);

INSERT INTO Products (ID, BrandID, Description, Price) VALUES (1, 1, 'Notebook Aurora N15 Pro', 1199.00);
INSERT INTO Products (ID, BrandID, Description, Price) VALUES (2, 1, 'Desktop Aurora Mini Cube', 899.00);
INSERT INTO Products (ID, BrandID, Description, Price) VALUES (3, 1, 'Tablet Aurora Slate 11', 549.00);
INSERT INTO Products (ID, BrandID, Description, Price) VALUES (4, 2, 'SSD Borealis NVMe 1TB', 119.00);
INSERT INTO Products (ID, BrandID, Description, Price) VALUES (5, 2, 'Power Supply Borealis 750W', 89.00);
INSERT INTO Products (ID, BrandID, Description, Price) VALUES (6, 3, 'Cuffie Cosmos Studio Pro', 279.00);
INSERT INTO Products (ID, BrandID, Description, Price) VALUES (7, 3, 'Soundbar Cosmos Theater 5.1', 449.00);
INSERT INTO Products (ID, BrandID, Description, Price) VALUES (8, 3, 'Speaker Cosmos Cube BT', 99.00);
INSERT INTO Products (ID, BrandID, Description, Price) VALUES (9, 4, 'Monitor Delphi 27" 4K UHD', 429.00);
INSERT INTO Products (ID, BrandID, Description, Price) VALUES (10, 4, 'Monitor Delphi 32" Curved', 579.00);
INSERT INTO Products (ID, BrandID, Description, Price) VALUES (11, 4, 'TV Delphi OLED 55"', 1349.00);
INSERT INTO Products (ID, BrandID, Description, Price) VALUES (12, 5, 'UPS Helios Guardian 1500', 259.00);
INSERT INTO Products (ID, BrandID, Description, Price) VALUES (13, 5, 'Multipresa Helios Smart 6', 45.00);
INSERT INTO Products (ID, BrandID, Description, Price) VALUES (14, 6, 'Router Iris WiFi 6 Mesh', 189.00);
INSERT INTO Products (ID, BrandID, Description, Price) VALUES (15, 6, 'Switch Iris 24 porte Gigabit', 229.00);
INSERT INTO Products (ID, BrandID, Description, Price) VALUES (16, 7, 'Smartphone Lyra Edge 12', 749.00);
INSERT INTO Products (ID, BrandID, Description, Price) VALUES (17, 7, 'Smartwatch Lyra Move 3', 219.00);
INSERT INTO Products (ID, BrandID, Description, Price) VALUES (18, 7, 'Earbuds Lyra Air Pro', 149.00);
INSERT INTO Products (ID, BrandID, Description, Price) VALUES (19, 8, 'Tastiera Vega Mechanical RGB', 139.00);
INSERT INTO Products (ID, BrandID, Description, Price) VALUES (20, 8, 'Mouse Vega ProGrip Wireless', 89.00);

INSERT INTO Orders (ID, OrderDate, CustomerID, Cashed) VALUES (1, '2025-11-08', 1, 1);
INSERT INTO Orders (ID, OrderDate, CustomerID, Cashed) VALUES (2, '2025-11-15', 3, 1);
INSERT INTO Orders (ID, OrderDate, CustomerID, Cashed) VALUES (3, '2025-11-22', 2, 1);
INSERT INTO Orders (ID, OrderDate, CustomerID, Cashed) VALUES (4, '2025-12-03', 5, 1);
INSERT INTO Orders (ID, OrderDate, CustomerID, Cashed) VALUES (5, '2025-12-18', 4, 0);
INSERT INTO Orders (ID, OrderDate, CustomerID, Cashed) VALUES (6, '2026-01-09', 7, 0);
INSERT INTO Orders (ID, OrderDate, CustomerID, Cashed) VALUES (7, '2026-01-20', 6, 0);
INSERT INTO Orders (ID, OrderDate, CustomerID, Cashed) VALUES (8, '2026-02-04', 10, 0);
INSERT INTO Orders (ID, OrderDate, CustomerID, Cashed) VALUES (9, '2026-02-17', 8, 0);
INSERT INTO Orders (ID, OrderDate, CustomerID, Cashed) VALUES (10, '2026-03-01', 11, 0);
INSERT INTO Orders (ID, OrderDate, CustomerID, Cashed) VALUES (11, '2026-03-14', 9, 0);
INSERT INTO Orders (ID, OrderDate, CustomerID, Cashed) VALUES (12, '2026-03-28', 12, 0);
INSERT INTO Orders (ID, OrderDate, CustomerID, Cashed) VALUES (13, '2026-04-10', 2, 0);
INSERT INTO Orders (ID, OrderDate, CustomerID, Cashed) VALUES (14, '2026-04-22', 1, 0);
INSERT INTO Orders (ID, OrderDate, CustomerID, Cashed) VALUES (15, '2026-05-02', 5, 0);

INSERT INTO OrderDetails (ID, OrderID, ProductID, Quantity, Price, Produced, Delivered, Cashed) VALUES (1, 1, 1, 2, 1199.00, '2025-11-10', '2025-11-12', '2025-11-30');
INSERT INTO OrderDetails (ID, OrderID, ProductID, Quantity, Price, Produced, Delivered, Cashed) VALUES (2, 1, 19, 2, 139.00, '2025-11-10', '2025-11-12', '2025-11-30');
INSERT INTO OrderDetails (ID, OrderID, ProductID, Quantity, Price, Produced, Delivered, Cashed) VALUES (3, 1, 20, 2, 89.00, '2025-11-10', '2025-11-12', '2025-11-30');
INSERT INTO OrderDetails (ID, OrderID, ProductID, Quantity, Price, Produced, Delivered, Cashed) VALUES (4, 1, 9, 2, 429.00, '2025-11-10', '2025-11-12', '2025-11-30');
INSERT INTO OrderDetails (ID, OrderID, ProductID, Quantity, Price, Produced, Delivered, Cashed) VALUES (5, 2, 6, 5, 279.00, '2025-11-17', '2025-11-20', '2025-12-05');
INSERT INTO OrderDetails (ID, OrderID, ProductID, Quantity, Price, Produced, Delivered, Cashed) VALUES (6, 2, 18, 5, 149.00, '2025-11-17', '2025-11-20', '2025-12-05');
INSERT INTO OrderDetails (ID, OrderID, ProductID, Quantity, Price, Produced, Delivered, Cashed) VALUES (7, 2, 8, 3, 99.00, '2025-11-17', '2025-11-20', '2025-12-05');
INSERT INTO OrderDetails (ID, OrderID, ProductID, Quantity, Price, Produced, Delivered, Cashed) VALUES (8, 3, 11, 2, 1349.00, '2025-11-25', '2025-11-28', '2025-12-10');
INSERT INTO OrderDetails (ID, OrderID, ProductID, Quantity, Price, Produced, Delivered, Cashed) VALUES (9, 3, 7, 2, 449.00, '2025-11-25', '2025-11-28', '2025-12-10');
INSERT INTO OrderDetails (ID, OrderID, ProductID, Quantity, Price, Produced, Delivered, Cashed) VALUES (10, 3, 10, 1, 579.00, '2025-11-25', '2025-11-28', '2025-12-10');
INSERT INTO OrderDetails (ID, OrderID, ProductID, Quantity, Price, Produced, Delivered, Cashed) VALUES (11, 4, 2, 3, 899.00, '2025-12-05', '2025-12-08', '2025-12-20');
INSERT INTO OrderDetails (ID, OrderID, ProductID, Quantity, Price, Produced, Delivered, Cashed) VALUES (12, 4, 4, 10, 119.00, '2025-12-05', '2025-12-08', '2025-12-20');
INSERT INTO OrderDetails (ID, OrderID, ProductID, Quantity, Price, Produced, Delivered, Cashed) VALUES (13, 4, 12, 3, 259.00, '2025-12-05', '2025-12-08', '2025-12-20');
INSERT INTO OrderDetails (ID, OrderID, ProductID, Quantity, Price, Produced, Delivered, Cashed) VALUES (14, 5, 14, 2, 189.00, '2025-12-20', '2025-12-22', NULL);
INSERT INTO OrderDetails (ID, OrderID, ProductID, Quantity, Price, Produced, Delivered, Cashed) VALUES (15, 5, 15, 1, 229.00, '2025-12-20', '2025-12-22', NULL);
INSERT INTO OrderDetails (ID, OrderID, ProductID, Quantity, Price, Produced, Delivered, Cashed) VALUES (16, 5, 16, 5, 749.00, '2025-12-20', '2025-12-22', NULL);
INSERT INTO OrderDetails (ID, OrderID, ProductID, Quantity, Price, Produced, Delivered, Cashed) VALUES (17, 6, 3, 4, 549.00, '2026-01-12', '2026-01-15', NULL);
INSERT INTO OrderDetails (ID, OrderID, ProductID, Quantity, Price, Produced, Delivered, Cashed) VALUES (18, 6, 17, 4, 219.00, '2026-01-12', '2026-01-15', NULL);
INSERT INTO OrderDetails (ID, OrderID, ProductID, Quantity, Price, Produced, Delivered, Cashed) VALUES (19, 6, 13, 5, 45.00, '2026-01-12', '2026-01-15', NULL);
INSERT INTO OrderDetails (ID, OrderID, ProductID, Quantity, Price, Produced, Delivered, Cashed) VALUES (20, 7, 5, 3, 89.00, '2026-01-22', '2026-01-25', NULL);
INSERT INTO OrderDetails (ID, OrderID, ProductID, Quantity, Price, Produced, Delivered, Cashed) VALUES (21, 7, 1, 1, 1199.00, '2026-01-22', '2026-01-25', NULL);
INSERT INTO OrderDetails (ID, OrderID, ProductID, Quantity, Price, Produced, Delivered, Cashed) VALUES (22, 7, 19, 2, 139.00, '2026-01-22', '2026-01-25', NULL);
INSERT INTO OrderDetails (ID, OrderID, ProductID, Quantity, Price, Produced, Delivered, Cashed) VALUES (23, 8, 20, 5, 89.00, '2026-02-06', '2026-02-08', NULL);
INSERT INTO OrderDetails (ID, OrderID, ProductID, Quantity, Price, Produced, Delivered, Cashed) VALUES (24, 8, 6, 2, 279.00, '2026-02-06', NULL, NULL);
INSERT INTO OrderDetails (ID, OrderID, ProductID, Quantity, Price, Produced, Delivered, Cashed) VALUES (25, 8, 18, 3, 149.00, '2026-02-06', NULL, NULL);
INSERT INTO OrderDetails (ID, OrderID, ProductID, Quantity, Price, Produced, Delivered, Cashed) VALUES (26, 9, 2, 2, 899.00, '2026-02-19', NULL, NULL);
INSERT INTO OrderDetails (ID, OrderID, ProductID, Quantity, Price, Produced, Delivered, Cashed) VALUES (27, 9, 9, 2, 429.00, '2026-02-19', NULL, NULL);
INSERT INTO OrderDetails (ID, OrderID, ProductID, Quantity, Price, Produced, Delivered, Cashed) VALUES (28, 9, 12, 1, 259.00, '2026-02-19', NULL, NULL);
INSERT INTO OrderDetails (ID, OrderID, ProductID, Quantity, Price, Produced, Delivered, Cashed) VALUES (29, 10, 11, 1, 1349.00, '2026-03-03', NULL, NULL);
INSERT INTO OrderDetails (ID, OrderID, ProductID, Quantity, Price, Produced, Delivered, Cashed) VALUES (30, 10, 7, 2, 449.00, '2026-03-03', NULL, NULL);
INSERT INTO OrderDetails (ID, OrderID, ProductID, Quantity, Price, Produced, Delivered, Cashed) VALUES (31, 10, 14, 3, 189.00, '2026-03-03', NULL, NULL);
INSERT INTO OrderDetails (ID, OrderID, ProductID, Quantity, Price, Produced, Delivered, Cashed) VALUES (32, 11, 16, 2, 749.00, '2026-03-16', NULL, NULL);
INSERT INTO OrderDetails (ID, OrderID, ProductID, Quantity, Price, Produced, Delivered, Cashed) VALUES (33, 11, 17, 2, 219.00, '2026-03-16', NULL, NULL);
INSERT INTO OrderDetails (ID, OrderID, ProductID, Quantity, Price, Produced, Delivered, Cashed) VALUES (34, 11, 10, 1, 579.00, NULL, NULL, NULL);
INSERT INTO OrderDetails (ID, OrderID, ProductID, Quantity, Price, Produced, Delivered, Cashed) VALUES (35, 12, 15, 2, 229.00, NULL, NULL, NULL);
INSERT INTO OrderDetails (ID, OrderID, ProductID, Quantity, Price, Produced, Delivered, Cashed) VALUES (36, 12, 5, 2, 89.00, NULL, NULL, NULL);
INSERT INTO OrderDetails (ID, OrderID, ProductID, Quantity, Price, Produced, Delivered, Cashed) VALUES (37, 12, 4, 5, 119.00, NULL, NULL, NULL);
INSERT INTO OrderDetails (ID, OrderID, ProductID, Quantity, Price, Produced, Delivered, Cashed) VALUES (38, 13, 1, 2, 1199.00, NULL, NULL, NULL);
INSERT INTO OrderDetails (ID, OrderID, ProductID, Quantity, Price, Produced, Delivered, Cashed) VALUES (39, 13, 3, 3, 549.00, NULL, NULL, NULL);
INSERT INTO OrderDetails (ID, OrderID, ProductID, Quantity, Price, Produced, Delivered, Cashed) VALUES (40, 13, 8, 4, 99.00, NULL, NULL, NULL);
INSERT INTO OrderDetails (ID, OrderID, ProductID, Quantity, Price, Produced, Delivered, Cashed) VALUES (41, 14, 20, 3, 89.00, NULL, NULL, NULL);
INSERT INTO OrderDetails (ID, OrderID, ProductID, Quantity, Price, Produced, Delivered, Cashed) VALUES (42, 14, 19, 3, 139.00, NULL, NULL, NULL);
INSERT INTO OrderDetails (ID, OrderID, ProductID, Quantity, Price, Produced, Delivered, Cashed) VALUES (43, 14, 13, 4, 45.00, NULL, NULL, NULL);
INSERT INTO OrderDetails (ID, OrderID, ProductID, Quantity, Price, Produced, Delivered, Cashed) VALUES (44, 15, 11, 1, 1349.00, NULL, NULL, NULL);
INSERT INTO OrderDetails (ID, OrderID, ProductID, Quantity, Price, Produced, Delivered, Cashed) VALUES (45, 15, 14, 2, 189.00, NULL, NULL, NULL);
