{
  "id": "5cfebd55-637e-4cfe-88f8-ff47384163af",
  "name": "AuthUser",
  "tableName": "Auth_Users",
  "sequenceName": "Auth_UsersID",
  "columns": [
    {
      "name": "ID",
      "columnName": "ID",
      "type": "PrimaryKey"
    },
    {
      "name": "Firstname",
      "columnName": "Firstname",
      "required": true,
      "type": "String",
      "size": 100
    },
    {
      "name": "Lastname",
      "columnName": "Lastname",
      "required": true,
      "type": "String",
      "size": 100
    },
    {
      "name": "UserType",
      "columnName": "UserTypeID",
      "required": true,
      "type": "{3c620368-626b-4217-af5c-479c970948f1}"
    },
    {
      "name": "Username",
      "columnName": "Username",
      "required": true,
      "type": "String",
      "size": 255
    },
    {
      "name": "Password",
      "columnName": "Password",
      "required": true,
      "type": "String",
      "size": 255
    },
    {
      "name": "VersionID",
      "columnName": "VersionID",
      "type": "Version"
    }
  ]
}