{
  "id": "9929223c-e473-46b3-b46b-efa791507f03",
  "name": "AuthArea",
  "tableName": "Auth_Areas",
  "sequenceName": "Auth_AreasID",
  "columns": [
    {
      "name": "ID",
      "columnName": "ID",
      "type": "PrimaryKey"
    },
    {
      "name": "Description",
      "columnName": "Description",
      "required": true,
      "type": "String",
      "size": 100
    },
    {
      "name": "VersionID",
      "columnName": "VersionID",
      "type": "Version"
    }
  ]
}