{
  "id": "3c620368-626b-4217-af5c-479c970948f1",
  "name": "AuthUserType",
  "tableName": "Auth_UserTypes",
  "sequenceName": "Auth_UserTypesID",
  "columns": [
    {
      "name": "ID",
      "columnName": "ID",
      "type": "PrimaryKey"
    },
    {
      "name": "Description",
      "columnName": "Description",
      "required": true,
      "type": "String",
      "size": 100
    },
    {
      "name": "VersionID",
      "columnName": "VersionID",
      "type": "Version"
    }
  ]
}