{
  "id": "9cb6a7d1-2e2d-438b-b666-089c257d18b9",
  "name": "AuthUserTypeArea",
  "tableName": "Auth_UserTypesAreas",
  "sequenceName": "Auth_UserTypesAreasID",
  "columns": [
    {
      "name": "ID",
      "columnName": "ID",
      "type": "PrimaryKey"
    },
    {
      "name": "UserType",
      "columnName": "UserTypeID",
      "required": true,
      "type": "{3c620368-626b-4217-af5c-479c970948f1}"
    },
    {
      "name": "Area",
      "columnName": "AreaID",
      "required": true,
      "type": "{9929223c-e473-46b3-b46b-efa791507f03}"
    },
    {
      "name": "VersionID",
      "columnName": "VersionID",
      "type": "Version"
    }
  ]
}