{
  "id": "1a258264-c30a-410f-9a99-6acf885e10fa",
  "name": "LogAction",
  "tableName": "Log_Actions",
  "sequenceName": "Log_ActionsID",
  "columns": [
    {
      "name": "ID",
      "columnName": "ID",
      "type": "PrimaryKey"
    },
    {
      "name": "TaskID",
      "columnName": "TaskID",
      "required": true,
      "type": "String",
      "size": 50
    },
    {
      "name": "Date",
      "columnName": "Date",
      "required": true,
      "type": "DateTime"
    },
    {
      "name": "Action",
      "columnName": "Action",
      "required": true,
      "type": "String",
      "size": 255
    },
    {
      "name": "VersionID",
      "columnName": "VersionID",
      "type": "Version"
    }
  ]
}