{
  "id": "78c2497e-0387-4e98-ae2a-dd1e9fdd23b4",
  "name": "LogRequest",
  "tableName": "Log_Requests",
  "sequenceName": "Log_RequestsID",
  "columns": [
    {
      "name": "ID",
      "columnName": "ID",
      "type": "PrimaryKey"
    },
    {
      "name": "TaskID",
      "columnName": "TaskID",
      "required": true,
      "type": "String",
      "size": 50
    },
    {
      "name": "Host",
      "columnName": "Host",
      "required": true,
      "type": "String",
      "size": 255
    },
    {
      "name": "Date",
      "columnName": "Date",
      "required": true,
      "type": "DateTime"
    },
    {
      "name": "Uri",
      "columnName": "Uri",
      "required": true,
      "type": "String",
      "size": 255
    },
    {
      "name": "Params",
      "columnName": "Params",
      "type": "Memo"
    },
    {
      "name": "MethodType",
      "columnName": "MethodType",
      "required": true,
      "type": "String",
      "size": 50
    },
    {
      "name": "Content",
      "columnName": "Content",
      "type": "Memo"
    },
    {
      "name": "Headers",
      "columnName": "Headers",
      "type": "Memo"
    },
    {
      "name": "RemoteIP",
      "columnName": "RemoteIP",
      "required": true,
      "type": "String",
      "size": 50
    },
    {
      "name": "VersionID",
      "columnName": "VersionID",
      "type": "Version"
    }
  ]
}